<metadata xml:lang="en"><Esri><CreaDate>20220401</CreaDate><CreaTime>15351500</CreaTime><ArcGISFormat>1.0</ArcGISFormat><SyncOnce>FALSE</SyncOnce><DataProperties><lineage><Process ToolSource="c:\program files\arcgis\pro\Resources\ArcToolbox\toolboxes\Conversion Tools.tbx\FeatureClassToFeatureClass" Date="20220401" Time="153515">FeatureClassToFeatureClass CityCountyBoundariesOnly C:\Assignment11\Assignment11.gdb CityCountyWork # "Name "Name" true true false 255 Text 0 0,First,#,CityCountyBoundariesOnly,CityCountyBoundariesOnly.Name,0,255;Shape_Length "Shape_Length" false true true 8 Double 0 0,First,#,CityCountyBoundariesOnly,CityCountyBoundariesOnly.Shape_Length,-1,-1;Shape_Area "Shape_Area" false true true 8 Double 0 0,First,#,CityCountyBoundariesOnly,CityCountyBoundariesOnly.Shape_Area,-1,-1;OBJECTID "OBJECTID" false true false 4 Long 0 9,First,#,CityCountyBoundariesOnly,CSVTableGOOD.OBJECTID,-1,-1;FID "FID" true true false 4 Long 0 0,First,#,CityCountyBoundariesOnly,CSVTableGOOD.FID,-1,-1;Name_1 "Name" true true false 8000 Text 0 0,First,#,CityCountyBoundariesOnly,CSVTableGOOD.Name,0,8000;T_Worker "T_Worker" true true false 4 Long 0 0,First,#,CityCountyBoundariesOnly,CSVTableGOOD.T_Worker,-1,-1;T_NonEss "T_NonEss" true true false 4 Long 0 0,First,#,CityCountyBoundariesOnly,CSVTableGOOD.T_NonEss,-1,-1;T_Essen "T_Essen" true true false 4 Long 0 0,First,#,CityCountyBoundariesOnly,CSVTableGOOD.T_Essen,-1,-1;P_Essen "P_Essen" true true false 8 Double 0 0,First,#,CityCountyBoundariesOnly,CSVTableGOOD.P_Essen,-1,-1;P_NonEssn "P_NonEssn" true true false 8 Double 0 0,First,#,CityCountyBoundariesOnly,CSVTableGOOD.P_NonEssn,-1,-1;P_Health "P_Health" true true false 8 Double 0 0,First,#,CityCountyBoundariesOnly,CSVTableGOOD.P_Health,-1,-1;T_Female "T_Female" true true false 4 Long 0 0,First,#,CityCountyBoundariesOnly,CSVTableGOOD.T_Female,-1,-1;T_Male "T_Male" true true false 4 Long 0 0,First,#,CityCountyBoundariesOnly,CSVTableGOOD.T_Male,-1,-1;T_Health "T_Health" true true false 4 Long 0 0,First,#,CityCountyBoundariesOnly,CSVTableGOOD.T_Health,-1,-1;T_TransWor "T_TransWor" true true false 4 Long 0 0,First,#,CityCountyBoundariesOnly,CSVTableGOOD.T_TransWor,-1,-1;T_CarTrkVn "T_CarTrkVn" true true false 4 Long 0 0,First,#,CityCountyBoundariesOnly,CSVTableGOOD.T_CarTrkVn,-1,-1;T_Public "T_Public" true true false 4 Long 0 0,First,#,CityCountyBoundariesOnly,CSVTableGOOD.T_Public,-1,-1;T_BkCycTax "T_BkCycTax" true true false 4 Long 0 0,First,#,CityCountyBoundariesOnly,CSVTableGOOD.T_BkCycTax,-1,-1;T_Walk "T_Walk" true true false 4 Long 0 0,First,#,CityCountyBoundariesOnly,CSVTableGOOD.T_Walk,-1,-1;T_Home "T_Home" true true false 4 Long 0 0,First,#,CityCountyBoundariesOnly,CSVTableGOOD.T_Home,-1,-1;T_Other "T_Other" true true false 4 Long 0 0,First,#,CityCountyBoundariesOnly,CSVTableGOOD.T_Other,-1,-1;P_CarTVn "P_CarTVn" true true false 8 Double 0 0,First,#,CityCountyBoundariesOnly,CSVTableGOOD.P_CarTVn,-1,-1;P_Public "P_Public" true true false 8 Double 0 0,First,#,CityCountyBoundariesOnly,CSVTableGOOD.P_Public,-1,-1;P_BkCycTax "P_BkCycTax" true true false 8 Double 0 0,First,#,CityCountyBoundariesOnly,CSVTableGOOD.P_BkCycTax,-1,-1;P_Walk "P_Walk" true true false 8 Double 0 0,First,#,CityCountyBoundariesOnly,CSVTableGOOD.P_Walk,-1,-1;P_Home "P_Home" true true false 8 Double 0 0,First,#,CityCountyBoundariesOnly,CSVTableGOOD.P_Home,-1,-1;P_Other "P_Other" true true false 8 Double 0 0,First,#,CityCountyBoundariesOnly,CSVTableGOOD.P_Other,-1,-1;PTimeU24 "PTimeU24" true true false 8 Double 0 0,First,#,CityCountyBoundariesOnly,CSVTableGOOD.PTimeU24,-1,-1;PTime25_44 "PTime25-44" true true false 8 Double 0 0,First,#,CityCountyBoundariesOnly,CSVTableGOOD.PTime25_44,-1,-1;PTime45_ "PTime45+" true true false 8 Double 0 0,First,#,CityCountyBoundariesOnly,CSVTableGOOD.PTime45_,-1,-1;TimeWrkTot "TimeWrkTot" true true false 4 Long 0 0,First,#,CityCountyBoundariesOnly,CSVTableGOOD.TimeWrkTot,-1,-1;Time10 "Time10" true true false 4 Long 0 0,First,#,CityCountyBoundariesOnly,CSVTableGOOD.Time10,-1,-1;Time10_14 "Time10-14" true true false 4 Long 0 0,First,#,CityCountyBoundariesOnly,CSVTableGOOD.Time10_14,-1,-1;Time15_19 "Time15-19" true true false 4 Long 0 0,First,#,CityCountyBoundariesOnly,CSVTableGOOD.Time15_19,-1,-1;Time20_24 "Time20-24" true true false 4 Long 0 0,First,#,CityCountyBoundariesOnly,CSVTableGOOD.Time20_24,-1,-1;Time25_29 "Time25-29" true true false 4 Long 0 0,First,#,CityCountyBoundariesOnly,CSVTableGOOD.Time25_29,-1,-1;Time30_34 "Time30-34" true true false 4 Long 0 0,First,#,CityCountyBoundariesOnly,CSVTableGOOD.Time30_34,-1,-1;Time35_44 "Time35-44" true true false 4 Long 0 0,First,#,CityCountyBoundariesOnly,CSVTableGOOD.Time35_44,-1,-1;Time45_59 "Time45-59" true true false 4 Long 0 0,First,#,CityCountyBoundariesOnly,CSVTableGOOD.Time45_59,-1,-1;Time60 "Time60" true true false 4 Long 0 0,First,#,CityCountyBoundariesOnly,CSVTableGOOD.Time60,-1,-1;Shape_Leng "Shape_Leng" true true false 8 Double 0 0,First,#,CityCountyBoundariesOnly,CSVTableGOOD.Shape_Leng,-1,-1;Shape_Area_1 "Shape_Area" true true false 8 Double 0 0,First,#,CityCountyBoundariesOnly,CSVTableGOOD.Shape_Area,-1,-1" #</Process><Process ToolSource="c:\program files\arcgis\pro\Resources\ArcToolbox\toolboxes\Data Management Tools.tbx\DeleteField" Date="20220401" Time="153533">DeleteField CityCountyWork OBJECTID</Process><Process ToolSource="c:\program files\arcgis\pro\Resources\ArcToolbox\toolboxes\Data Management Tools.tbx\DeleteField" Date="20220401" Time="153539">DeleteField CityCountyWork FID</Process><Process ToolSource="c:\program files\arcgis\pro\Resources\ArcToolbox\toolboxes\Data Management Tools.tbx\DeleteField" Date="20220401" Time="153547">DeleteField CityCountyWork Name_1</Process><Process ToolSource="c:\program files\arcgis\pro\Resources\ArcToolbox\toolboxes\Data Management Tools.tbx\DeleteField" Date="20220401" Time="153621">DeleteField CityCountyWork Shape_Leng</Process><Process ToolSource="c:\program files\arcgis\pro\Resources\ArcToolbox\toolboxes\Data Management Tools.tbx\DeleteField" Date="20220401" Time="153626">DeleteField CityCountyWork Shape_Area_1</Process><Process ToolSource="c:\program files\arcgis\pro\Resources\ArcToolbox\toolboxes\Conversion Tools.tbx\FeatureClassToFeatureClass" Date="20220401" Time="153741">FeatureClassToFeatureClass CityCountyWork C:\Assignment11\Assignment11.gdb CityCountyWorkGOOD # "Name "Name" true true false 255 Text 0 0,First,#,CityCountyWork,Name,0,255;T_Worker "T_Worker" true true false 4 Long 0 0,First,#,CityCountyWork,T_Worker,-1,-1;T_NonEss "T_NonEss" true true false 4 Long 0 0,First,#,CityCountyWork,T_NonEss,-1,-1;T_Essen "T_Essen" true true false 4 Long 0 0,First,#,CityCountyWork,T_Essen,-1,-1;P_Essen "P_Essen" true true false 8 Double 0 0,First,#,CityCountyWork,P_Essen,-1,-1;P_NonEssn "P_NonEssn" true true false 8 Double 0 0,First,#,CityCountyWork,P_NonEssn,-1,-1;P_Health "P_Health" true true false 8 Double 0 0,First,#,CityCountyWork,P_Health,-1,-1;T_Female "T_Female" true true false 4 Long 0 0,First,#,CityCountyWork,T_Female,-1,-1;T_Male "T_Male" true true false 4 Long 0 0,First,#,CityCountyWork,T_Male,-1,-1;T_Health "T_Health" true true false 4 Long 0 0,First,#,CityCountyWork,T_Health,-1,-1;T_TransWor "T_TransWor" true true false 4 Long 0 0,First,#,CityCountyWork,T_TransWor,-1,-1;T_CarTrkVn "T_CarTrkVn" true true false 4 Long 0 0,First,#,CityCountyWork,T_CarTrkVn,-1,-1;T_Public "T_Public" true true false 4 Long 0 0,First,#,CityCountyWork,T_Public,-1,-1;T_BkCycTax "T_BkCycTax" true true false 4 Long 0 0,First,#,CityCountyWork,T_BkCycTax,-1,-1;T_Walk "T_Walk" true true false 4 Long 0 0,First,#,CityCountyWork,T_Walk,-1,-1;T_Home "T_Home" true true false 4 Long 0 0,First,#,CityCountyWork,T_Home,-1,-1;T_Other "T_Other" true true false 4 Long 0 0,First,#,CityCountyWork,T_Other,-1,-1;P_CarTVn "P_CarTVn" true true false 8 Double 0 0,First,#,CityCountyWork,P_CarTVn,-1,-1;P_Public "P_Public" true true false 8 Double 0 0,First,#,CityCountyWork,P_Public,-1,-1;P_BkCycTax "P_BkCycTax" true true false 8 Double 0 0,First,#,CityCountyWork,P_BkCycTax,-1,-1;P_Walk "P_Walk" true true false 8 Double 0 0,First,#,CityCountyWork,P_Walk,-1,-1;P_Home "P_Home" true true false 8 Double 0 0,First,#,CityCountyWork,P_Home,-1,-1;P_Other "P_Other" true true false 8 Double 0 0,First,#,CityCountyWork,P_Other,-1,-1;PTimeU24 "PTimeU24" true true false 8 Double 0 0,First,#,CityCountyWork,PTimeU24,-1,-1;PTime25_44 "PTime25-44" true true false 8 Double 0 0,First,#,CityCountyWork,PTime25_44,-1,-1;PTime45_ "PTime45+" true true false 8 Double 0 0,First,#,CityCountyWork,PTime45_,-1,-1;TimeWrkTot "TimeWrkTot" true true false 4 Long 0 0,First,#,CityCountyWork,TimeWrkTot,-1,-1;Time10 "Time10" true true false 4 Long 0 0,First,#,CityCountyWork,Time10,-1,-1;Time10_14 "Time10-14" true true false 4 Long 0 0,First,#,CityCountyWork,Time10_14,-1,-1;Time15_19 "Time15-19" true true false 4 Long 0 0,First,#,CityCountyWork,Time15_19,-1,-1;Time20_24 "Time20-24" true true false 4 Long 0 0,First,#,CityCountyWork,Time20_24,-1,-1;Time25_29 "Time25-29" true true false 4 Long 0 0,First,#,CityCountyWork,Time25_29,-1,-1;Time30_34 "Time30-34" true true false 4 Long 0 0,First,#,CityCountyWork,Time30_34,-1,-1;Time35_44 "Time35-44" true true false 4 Long 0 0,First,#,CityCountyWork,Time35_44,-1,-1;Time45_59 "Time45-59" true true false 4 Long 0 0,First,#,CityCountyWork,Time45_59,-1,-1;Time60 "Time60" true true false 4 Long 0 0,First,#,CityCountyWork,Time60,-1,-1;Shape_Length "Shape_Length" false true true 8 Double 0 0,First,#,CityCountyWork,Shape_Length,-1,-1;Shape_Area "Shape_Area" false true true 8 Double 0 0,First,#,CityCountyWork,Shape_Area,-1,-1" #</Process><Process ToolSource="c:\program files\arcgis\pro\Resources\ArcToolbox\toolboxes\Data Management Tools.tbx\Rename" Date="20220401" Time="153800">Rename C:\Assignment11\Assignment11.gdb\CityCountyWorkGOOD C:\Assignment11\Assignment11.gdb\CityCountyWork FeatureClass</Process><Process ToolSource="c:\program files\arcgis\pro\Resources\ArcToolbox\toolboxes\Data Management Tools.tbx\CopyFeatures" Date="20220401" Time="153917">CopyFeatures CityCountyWork C:\Temp\CityCountyWork.shp # # # #</Process></lineage><itemProps><itemName Sync="TRUE">CityCountyWork</itemName><imsContentType Sync="TRUE">002</imsContentType><itemLocation><linkage Sync="TRUE">file://\\DESKTOP-IKC51PG\C$\Temp\CityCountyWork.shp</linkage><protocol Sync="TRUE">Local Area Network</protocol></itemLocation><itemSize Sync="TRUE">0.000</itemSize></itemProps><coordRef><type Sync="TRUE">Projected</type><geogcsn Sync="TRUE">GCS_WGS_1984</geogcsn><csUnits Sync="TRUE">Linear Unit: Meter (1.000000)</csUnits><projcsn Sync="TRUE">WGS_1984_Web_Mercator_Auxiliary_Sphere</projcsn><peXml Sync="TRUE">&lt;ProjectedCoordinateSystem xsi:type='typens:ProjectedCoordinateSystem' xmlns:xsi='http://www.w3.org/2001/XMLSchema-instance' xmlns:xs='http://www.w3.org/2001/XMLSchema' xmlns:typens='http://www.esri.com/schemas/ArcGIS/2.8.0'&gt;&lt;WKT&gt;PROJCS[&amp;quot;WGS_1984_Web_Mercator_Auxiliary_Sphere&amp;quot;,GEOGCS[&amp;quot;GCS_WGS_1984&amp;quot;,DATUM[&amp;quot;D_WGS_1984&amp;quot;,SPHEROID[&amp;quot;WGS_1984&amp;quot;,6378137.0,298.257223563]],PRIMEM[&amp;quot;Greenwich&amp;quot;,0.0],UNIT[&amp;quot;Degree&amp;quot;,0.0174532925199433]],PROJECTION[&amp;quot;Mercator_Auxiliary_Sphere&amp;quot;],PARAMETER[&amp;quot;False_Easting&amp;quot;,0.0],PARAMETER[&amp;quot;False_Northing&amp;quot;,0.0],PARAMETER[&amp;quot;Central_Meridian&amp;quot;,0.0],PARAMETER[&amp;quot;Standard_Parallel_1&amp;quot;,0.0],PARAMETER[&amp;quot;Auxiliary_Sphere_Type&amp;quot;,0.0],UNIT[&amp;quot;Meter&amp;quot;,1.0],AUTHORITY[&amp;quot;EPSG&amp;quot;,3857]]&lt;/WKT&gt;&lt;XOrigin&gt;-20037700&lt;/XOrigin&gt;&lt;YOrigin&gt;-30241100&lt;/YOrigin&gt;&lt;XYScale&gt;148923141.92838538&lt;/XYScale&gt;&lt;ZOrigin&gt;-100000&lt;/ZOrigin&gt;&lt;ZScale&gt;10000&lt;/ZScale&gt;&lt;MOrigin&gt;-100000&lt;/MOrigin&gt;&lt;MScale&gt;10000&lt;/MScale&gt;&lt;XYTolerance&gt;0.001&lt;/XYTolerance&gt;&lt;ZTolerance&gt;0.001&lt;/ZTolerance&gt;&lt;MTolerance&gt;0.001&lt;/MTolerance&gt;&lt;HighPrecision&gt;true&lt;/HighPrecision&gt;&lt;WKID&gt;102100&lt;/WKID&gt;&lt;LatestWKID&gt;3857&lt;/LatestWKID&gt;&lt;/ProjectedCoordinateSystem&gt;</peXml></coordRef></DataProperties><SyncDate>20220401</SyncDate><SyncTime>15391700</SyncTime><ModDate>20220401</ModDate><ModTime>15391700</ModTime></Esri><dataIdInfo><envirDesc Sync="TRUE">Microsoft Windows 10 Version 10.0 (Build 19043) ; Esri ArcGIS 12.8.0.29751</envirDesc><dataLang><languageCode value="eng" Sync="TRUE"></languageCode><countryCode value="USA" Sync="TRUE"></countryCode></dataLang><idCitation><resTitle Sync="TRUE">CityCountyWork</resTitle><presForm><PresFormCd value="005" Sync="TRUE"></PresFormCd></presForm></idCitation><spatRpType><SpatRepTypCd value="001" Sync="TRUE"></SpatRepTypCd></spatRpType></dataIdInfo><mdLang><languageCode value="eng" Sync="TRUE"></languageCode><countryCode value="USA" Sync="TRUE"></countryCode></mdLang><distInfo><distFormat><formatName Sync="TRUE">Shapefile</formatName></distFormat><distTranOps><transSize Sync="TRUE">0.000</transSize></distTranOps></distInfo><mdHrLv><ScopeCd value="005" Sync="TRUE"></ScopeCd></mdHrLv><mdHrLvName Sync="TRUE">dataset</mdHrLvName><refSysInfo><RefSystem><refSysID><identCode code="3857" Sync="TRUE"></identCode><idCodeSpace Sync="TRUE">EPSG</idCodeSpace><idVersion Sync="TRUE">6.18.3(9.3.1.2)</idVersion></refSysID></RefSystem></refSysInfo><spatRepInfo><VectSpatRep><geometObjs Name="CityCountyWork"><geoObjTyp><GeoObjTypCd value="002" Sync="TRUE"></GeoObjTypCd></geoObjTyp><geoObjCnt Sync="TRUE">0</geoObjCnt></geometObjs><topLvl><TopoLevCd value="001" Sync="TRUE"></TopoLevCd></topLvl></VectSpatRep></spatRepInfo><spdoinfo><ptvctinf><esriterm Name="CityCountyWork"><efeatyp Sync="TRUE">Simple</efeatyp><efeageom code="4" Sync="TRUE"></efeageom><esritopo Sync="TRUE">FALSE</esritopo><efeacnt Sync="TRUE">0</efeacnt><spindex Sync="TRUE">FALSE</spindex><linrefer Sync="TRUE">FALSE</linrefer></esriterm></ptvctinf></spdoinfo><eainfo><detailed Name="CityCountyWork"><enttyp><enttypl Sync="TRUE">CityCountyWork</enttypl><enttypt Sync="TRUE">Feature Class</enttypt><enttypc Sync="TRUE">0</enttypc></enttyp><attr><attrlabl Sync="TRUE">FID</attrlabl><attalias Sync="TRUE">FID</attalias><attrtype Sync="TRUE">OID</attrtype><attwidth Sync="TRUE">4</attwidth><atprecis Sync="TRUE">0</atprecis><attscale Sync="TRUE">0</attscale><attrdef Sync="TRUE">Internal feature number.</attrdef><attrdefs Sync="TRUE">Esri</attrdefs><attrdomv><udom Sync="TRUE">Sequential unique whole numbers that are automatically generated.</udom></attrdomv></attr><attr><attrlabl Sync="TRUE">Shape</attrlabl><attalias Sync="TRUE">Shape</attalias><attrtype Sync="TRUE">Geometry</attrtype><attwidth Sync="TRUE">0</attwidth><atprecis Sync="TRUE">0</atprecis><attscale Sync="TRUE">0</attscale><attrdef Sync="TRUE">Feature geometry.</attrdef><attrdefs Sync="TRUE">Esri</attrdefs><attrdomv><udom Sync="TRUE">Coordinates defining the features.</udom></attrdomv></attr><attr><attrlabl Sync="TRUE">Name</attrlabl><attalias Sync="TRUE">Name</attalias><attrtype Sync="TRUE">String</attrtype><attwidth Sync="TRUE">254</attwidth><atprecis Sync="TRUE">0</atprecis><attscale Sync="TRUE">0</attscale></attr><attr><attrlabl Sync="TRUE">T_Worker</attrlabl><attalias Sync="TRUE">T_Worker</attalias><attrtype Sync="TRUE">Integer</attrtype><attwidth Sync="TRUE">10</attwidth><atprecis Sync="TRUE">10</atprecis><attscale Sync="TRUE">0</attscale></attr><attr><attrlabl Sync="TRUE">T_NonEss</attrlabl><attalias Sync="TRUE">T_NonEss</attalias><attrtype Sync="TRUE">Integer</attrtype><attwidth Sync="TRUE">10</attwidth><atprecis Sync="TRUE">10</atprecis><attscale Sync="TRUE">0</attscale></attr><attr><attrlabl Sync="TRUE">T_Essen</attrlabl><attalias Sync="TRUE">T_Essen</attalias><attrtype Sync="TRUE">Integer</attrtype><attwidth Sync="TRUE">10</attwidth><atprecis Sync="TRUE">10</atprecis><attscale Sync="TRUE">0</attscale></attr><attr><attrlabl Sync="TRUE">P_Essen</attrlabl><attalias Sync="TRUE">P_Essen</attalias><attrtype Sync="TRUE">Double</attrtype><attwidth Sync="TRUE">19</attwidth><atprecis Sync="TRUE">0</atprecis><attscale Sync="TRUE">0</attscale></attr><attr><attrlabl Sync="TRUE">P_NonEssn</attrlabl><attalias Sync="TRUE">P_NonEssn</attalias><attrtype Sync="TRUE">Double</attrtype><attwidth Sync="TRUE">19</attwidth><atprecis Sync="TRUE">0</atprecis><attscale Sync="TRUE">0</attscale></attr><attr><attrlabl Sync="TRUE">P_Health</attrlabl><attalias Sync="TRUE">P_Health</attalias><attrtype Sync="TRUE">Double</attrtype><attwidth Sync="TRUE">19</attwidth><atprecis Sync="TRUE">0</atprecis><attscale Sync="TRUE">0</attscale></attr><attr><attrlabl Sync="TRUE">T_Female</attrlabl><attalias Sync="TRUE">T_Female</attalias><attrtype Sync="TRUE">Integer</attrtype><attwidth Sync="TRUE">10</attwidth><atprecis Sync="TRUE">10</atprecis><attscale Sync="TRUE">0</attscale></attr><attr><attrlabl Sync="TRUE">T_Male</attrlabl><attalias Sync="TRUE">T_Male</attalias><attrtype Sync="TRUE">Integer</attrtype><attwidth Sync="TRUE">10</attwidth><atprecis Sync="TRUE">10</atprecis><attscale Sync="TRUE">0</attscale></attr><attr><attrlabl Sync="TRUE">T_Health</attrlabl><attalias Sync="TRUE">T_Health</attalias><attrtype Sync="TRUE">Integer</attrtype><attwidth Sync="TRUE">10</attwidth><atprecis Sync="TRUE">10</atprecis><attscale Sync="TRUE">0</attscale></attr><attr><attrlabl Sync="TRUE">T_TransWor</attrlabl><attalias Sync="TRUE">T_TransWor</attalias><attrtype Sync="TRUE">Integer</attrtype><attwidth Sync="TRUE">10</attwidth><atprecis Sync="TRUE">10</atprecis><attscale Sync="TRUE">0</attscale></attr><attr><attrlabl Sync="TRUE">T_CarTrkVn</attrlabl><attalias Sync="TRUE">T_CarTrkVn</attalias><attrtype Sync="TRUE">Integer</attrtype><attwidth Sync="TRUE">10</attwidth><atprecis Sync="TRUE">10</atprecis><attscale Sync="TRUE">0</attscale></attr><attr><attrlabl Sync="TRUE">T_Public</attrlabl><attalias Sync="TRUE">T_Public</attalias><attrtype Sync="TRUE">Integer</attrtype><attwidth Sync="TRUE">10</attwidth><atprecis Sync="TRUE">10</atprecis><attscale Sync="TRUE">0</attscale></attr><attr><attrlabl Sync="TRUE">T_BkCycTax</attrlabl><attalias Sync="TRUE">T_BkCycTax</attalias><attrtype Sync="TRUE">Integer</attrtype><attwidth Sync="TRUE">10</attwidth><atprecis Sync="TRUE">10</atprecis><attscale Sync="TRUE">0</attscale></attr><attr><attrlabl Sync="TRUE">T_Walk</attrlabl><attalias Sync="TRUE">T_Walk</attalias><attrtype Sync="TRUE">Integer</attrtype><attwidth Sync="TRUE">10</attwidth><atprecis Sync="TRUE">10</atprecis><attscale Sync="TRUE">0</attscale></attr><attr><attrlabl Sync="TRUE">T_Home</attrlabl><attalias Sync="TRUE">T_Home</attalias><attrtype Sync="TRUE">Integer</attrtype><attwidth Sync="TRUE">10</attwidth><atprecis Sync="TRUE">10</atprecis><attscale Sync="TRUE">0</attscale></attr><attr><attrlabl Sync="TRUE">T_Other</attrlabl><attalias Sync="TRUE">T_Other</attalias><attrtype Sync="TRUE">Integer</attrtype><attwidth Sync="TRUE">10</attwidth><atprecis Sync="TRUE">10</atprecis><attscale Sync="TRUE">0</attscale></attr><attr><attrlabl Sync="TRUE">P_CarTVn</attrlabl><attalias Sync="TRUE">P_CarTVn</attalias><attrtype Sync="TRUE">Double</attrtype><attwidth Sync="TRUE">19</attwidth><atprecis Sync="TRUE">0</atprecis><attscale Sync="TRUE">0</attscale></attr><attr><attrlabl Sync="TRUE">P_Public</attrlabl><attalias Sync="TRUE">P_Public</attalias><attrtype Sync="TRUE">Double</attrtype><attwidth Sync="TRUE">19</attwidth><atprecis Sync="TRUE">0</atprecis><attscale Sync="TRUE">0</attscale></attr><attr><attrlabl Sync="TRUE">P_BkCycTax</attrlabl><attalias Sync="TRUE">P_BkCycTax</attalias><attrtype Sync="TRUE">Double</attrtype><attwidth Sync="TRUE">19</attwidth><atprecis Sync="TRUE">0</atprecis><attscale Sync="TRUE">0</attscale></attr><attr><attrlabl Sync="TRUE">P_Walk</attrlabl><attalias Sync="TRUE">P_Walk</attalias><attrtype Sync="TRUE">Double</attrtype><attwidth Sync="TRUE">19</attwidth><atprecis Sync="TRUE">0</atprecis><attscale Sync="TRUE">0</attscale></attr><attr><attrlabl Sync="TRUE">P_Home</attrlabl><attalias Sync="TRUE">P_Home</attalias><attrtype Sync="TRUE">Double</attrtype><attwidth Sync="TRUE">19</attwidth><atprecis Sync="TRUE">0</atprecis><attscale Sync="TRUE">0</attscale></attr><attr><attrlabl Sync="TRUE">P_Other</attrlabl><attalias Sync="TRUE">P_Other</attalias><attrtype Sync="TRUE">Double</attrtype><attwidth Sync="TRUE">19</attwidth><atprecis Sync="TRUE">0</atprecis><attscale Sync="TRUE">0</attscale></attr><attr><attrlabl Sync="TRUE">PTimeU24</attrlabl><attalias Sync="TRUE">PTimeU24</attalias><attrtype Sync="TRUE">Double</attrtype><attwidth Sync="TRUE">19</attwidth><atprecis Sync="TRUE">0</atprecis><attscale Sync="TRUE">0</attscale></attr><attr><attrlabl Sync="TRUE">PTime25_44</attrlabl><attalias Sync="TRUE">PTime25_44</attalias><attrtype Sync="TRUE">Double</attrtype><attwidth Sync="TRUE">19</attwidth><atprecis Sync="TRUE">0</atprecis><attscale Sync="TRUE">0</attscale></attr><attr><attrlabl Sync="TRUE">PTime45_</attrlabl><attalias Sync="TRUE">PTime45_</attalias><attrtype Sync="TRUE">Double</attrtype><attwidth Sync="TRUE">19</attwidth><atprecis Sync="TRUE">0</atprecis><attscale Sync="TRUE">0</attscale></attr><attr><attrlabl Sync="TRUE">TimeWrkTot</attrlabl><attalias Sync="TRUE">TimeWrkTot</attalias><attrtype Sync="TRUE">Integer</attrtype><attwidth Sync="TRUE">10</attwidth><atprecis Sync="TRUE">10</atprecis><attscale Sync="TRUE">0</attscale></attr><attr><attrlabl Sync="TRUE">Time10</attrlabl><attalias Sync="TRUE">Time10</attalias><attrtype Sync="TRUE">Integer</attrtype><attwidth Sync="TRUE">10</attwidth><atprecis Sync="TRUE">10</atprecis><attscale Sync="TRUE">0</attscale></attr><attr><attrlabl Sync="TRUE">Time10_14</attrlabl><attalias Sync="TRUE">Time10_14</attalias><attrtype Sync="TRUE">Integer</attrtype><attwidth Sync="TRUE">10</attwidth><atprecis Sync="TRUE">10</atprecis><attscale Sync="TRUE">0</attscale></attr><attr><attrlabl Sync="TRUE">Time15_19</attrlabl><attalias Sync="TRUE">Time15_19</attalias><attrtype Sync="TRUE">Integer</attrtype><attwidth Sync="TRUE">10</attwidth><atprecis Sync="TRUE">10</atprecis><attscale Sync="TRUE">0</attscale></attr><attr><attrlabl Sync="TRUE">Time20_24</attrlabl><attalias Sync="TRUE">Time20_24</attalias><attrtype Sync="TRUE">Integer</attrtype><attwidth Sync="TRUE">10</attwidth><atprecis Sync="TRUE">10</atprecis><attscale Sync="TRUE">0</attscale></attr><attr><attrlabl Sync="TRUE">Time25_29</attrlabl><attalias Sync="TRUE">Time25_29</attalias><attrtype Sync="TRUE">Integer</attrtype><attwidth Sync="TRUE">10</attwidth><atprecis Sync="TRUE">10</atprecis><attscale Sync="TRUE">0</attscale></attr><attr><attrlabl Sync="TRUE">Time30_34</attrlabl><attalias Sync="TRUE">Time30_34</attalias><attrtype Sync="TRUE">Integer</attrtype><attwidth Sync="TRUE">10</attwidth><atprecis Sync="TRUE">10</atprecis><attscale Sync="TRUE">0</attscale></attr><attr><attrlabl Sync="TRUE">Time35_44</attrlabl><attalias Sync="TRUE">Time35_44</attalias><attrtype Sync="TRUE">Integer</attrtype><attwidth Sync="TRUE">10</attwidth><atprecis Sync="TRUE">10</atprecis><attscale Sync="TRUE">0</attscale></attr><attr><attrlabl Sync="TRUE">Time45_59</attrlabl><attalias Sync="TRUE">Time45_59</attalias><attrtype Sync="TRUE">Integer</attrtype><attwidth Sync="TRUE">10</attwidth><atprecis Sync="TRUE">10</atprecis><attscale Sync="TRUE">0</attscale></attr><attr><attrlabl Sync="TRUE">Time60</attrlabl><attalias Sync="TRUE">Time60</attalias><attrtype Sync="TRUE">Integer</attrtype><attwidth Sync="TRUE">10</attwidth><atprecis Sync="TRUE">10</atprecis><attscale Sync="TRUE">0</attscale></attr><attr><attrlabl Sync="TRUE">Shape_Leng</attrlabl><attalias Sync="TRUE">Shape_Leng</attalias><attrtype Sync="TRUE">Double</attrtype><attwidth Sync="TRUE">19</attwidth><atprecis Sync="TRUE">0</atprecis><attscale Sync="TRUE">0</attscale></attr><attr><attrlabl Sync="TRUE">Shape_Area</attrlabl><attalias Sync="TRUE">Shape_Area</attalias><attrtype Sync="TRUE">Double</attrtype><attwidth Sync="TRUE">19</attwidth><atprecis Sync="TRUE">0</atprecis><attscale Sync="TRUE">0</attscale><attrdef Sync="TRUE">Area of feature in internal units squared.</attrdef><attrdefs Sync="TRUE">Esri</attrdefs><attrdomv><udom Sync="TRUE">Positive real numbers that are automatically generated.</udom></attrdomv></attr></detailed></eainfo><mdDateSt Sync="TRUE">20220401</mdDateSt></metadata>
